{"cameraMode":{"drawMode":0,"name":"Shaded","section":"Shading Mode"},"sceneLighting":true,"audioPlay":false,"sceneViewState":{"showFog":false,"showMaterialUpdate":false,"showSkybox":false,"showFlares":false,"showImageEffects":false,"showParticleSystems":true},"in2DMode":false,"pivot":{"x":-0.22311095893383027,"y":1.2772488594055176,"z":-9.564929962158204},"rotation":{"x":0.5260903835296631,"y":0.030601639300584794,"z":-0.01894785277545452,"w":0.8496666550636292},"size":35.42250442504883,"orthographic":false}